SI.NO,ID,NAME,SALARY,ADDRESS,COMPANY,STATUS
1,101,Dhanesh,95000,Chennai,Changepond,Available
2,102,Ajin,90000,Coimbatore,Changepond,Available
3,103,Robin,85000,Madurai,Changepond,Available
4,104,Akash,80000,Tirunelveli,Changepond,Available
5,105,Ibin,75000,Erode,Changepond,Available
6,106,Mathan,70000,Trichy,Changepond,Available
7,107,Abishesk,65000,Tuticorin,Changepond,Available
8,108,Arun,60000,Tenkasi,Changepond,Available
9,109,Vinol,55000,Karur,Changepond,Available
10,110,Barath,50000,Kancheepuram,Changepond,Available
